Rank,CCA3,Country/Territory,Capital,Continent,2022 Population,2020 Population,2015 Population,2010 Population,2000 Population,1990 Population,1980 Population,1970 Population,Area (km²),Density (per km²),Growth Rate,World Population Percentage
1,PCE,Quengale,Tolmoor,Africa,1389119955,1391297088,1330390649,1260399724,1171458553,1040218459,964330509,778632584,15791000.423057938,87.96909111417754,0.9694012674827638,4.565524612553112
2,NJE,Renwick,Nirgora,Africa,1290091778,1263570456,1221328861,1186974799,1074627758,988895621,878835534,779055694,5339974.271317399,241.5913846119951,0.9513080156005145,4.240055542871678
3,LGO,Sillyn,Kaport,Europe,1264361636,1260868371,1185126035,1151863124,1015803190,940457159,863699023,744796131,9170425.125826728,137.87383012802428,1.023436402995533,4.155490062286176
4,RRV,Caswick,Caslyn,Asia,1208541364,1164705056,1115776978,1104653139,996751161,903945568,827460985,715339367,13710243.222473638,88.14879097250265,1.0429490464345106,3.9720294296906205
5,LMK,Bodale,Lusgora,Europe,1111430440,1076345401,1052929406,974978085,950847838,852902238,763724812,649746758,15853674.076827517,70.10554364962753,1.0260147816187128,3.65286166302372
6,WIU,Kaport,Tolnia,Europe,1084149744,1050691001,1030731166,981263386,901664114,826614542,731310663,697540411,15321720.36515936,70.75900865971221,0.9691904653791088,3.5632000836998676
7,HJY,Miragora,Miragora,Asia,1050211959,1033575775,1018901504,969723199,883517188,786289697,723762453,638091682,15254636.247871883,68.84542783814403,0.9649219723940037,3.451659109750619
8,HXA,Caslyn,Tolport,Asia,934886194,901349111,886919877,844010726,779152872,701255858,660534426,581422074,8904345.481346576,104.99212951232214,1.0042901504192459,3.072625883229144
9,TWY,Ordreth,Bonia,Europe,933387491,917513748,893805327,891901235,775334620,723243470,640594443,564210024,4792009.390398219,194.77997953639962,1.0553565716606366,3.0677001995912563
10,MCD,Taland,Miralyn,Americas,848777495,846445107,798481300,758097163,695859202,641007485,593411150,503780898,14396372.283963064,58.9577345082623,1.0396066222847606,2.7896183695695855
11,PSU,Nirmark,Tolstan,Africa,829874455,807281275,791346610,757740549,694328854,603448303,565754380,512978674,1352701.8376084024,613.4939954448726,0.9769839037201107,2.7274910535941443
12,BHS,Renhaven,Rencove,Africa,821967275,814218166,784710695,759622095,680265748,611271023,567764963,477289556,2881582.1915612402,285.24859620771684,1.0374521985481173,2.7015030712201615
13,NQZ,Mordale,Velova,Africa,821373549,806161487,780421682,761568759,685017919,611884504,559769055,475423907,11163733.311132152,73.5751675634306,1.0440449321193561,2.699551712983347
14,ZXA,Zarmark,Silreth,Americas,800504829,788686796,763509702,738350112,652347639,589604385,543383562,484069531,4300808.777859356,186.12890513082417,1.0463202949647723,2.6309639323172207
15,RUP,Nirlyn,Lusreth,Asia,799090952,784596409,734817033,718821456,660681747,600927281,555819030,468999035,12633346.329585303,63.25251688293031,1.0080507993778105,2.626317040434782
16,HMD,Nalgora,Nalova,Asia,783195489,754818867,743290018,729195895,655924264,582182772,517101369,500627630,13177610.503728565,59.43380165762201,1.0471004500262675,2.5740745200583275
17,VOD,Miracove,Casstan,Asia,761934738,742706429,746291842,690459558,635458951,561626124,521772397,448401702,7591536.983404188,100.36633420421461,0.9594060849279433,2.5041982781812444
18,RIB,Sildor,Kurmark,Africa,720414236,694716041,672485183,667522692,601473529,528962426,501069328,434868340,16423847.54578626,43.86391398188734,0.9718445556787872,2.3677357119901474
19,GRY,Varova,Ashova,Americas,693873571,687699786,650817233,630699957,572887982,542047167,466609159,416239137,8114011.889469668,85.5154737819039,1.0334322046189974,2.2805063414416358
20,NXL,Zarvia,Quenstan,Africa,632527712,637178176,600453881,598667543,530987982,482919438,437724290,366108118,13370131.895391256,47.309010632724956,1.0461807474509448,2.078885143693661
21,HZK,Lusreth,Vardor,Asia,619416934,593972421,573098064,574175728,499055145,445279155,425109271,377200291,11819016.018990286,52.40850278946636,0.9684124364399883,2.035794855174467
22,ZJD,Mirathia,Fendale,Americas,554031606,543712957,527347503,502775079,479608466,413992981,373855730,328984351,9917390.41065951,55.86465623098896,1.0563695574323102,1.8208974136616798
23,QZE,Quenreth,Velcove,Africa,526217700,520711693,489503801,473746934,434714147,389835987,356118713,314123382,10994041.541775133,47.86389954963143,1.0076214229585407,1.7294833698585015
24,QPG,Ordova,Dorland,Americas,492898261,489717539,472051399,439731173,412705480,374950659,328519824,287863040,11115110.000760715,44.344883763297545,0.9855489423048849,1.619974670999617
25,TFH,Quenburg,Nirthia,Asia,468443330,463843672,450037704,425654968,396865468,343479197,309321919,288708872,10310787.569105478,45.432351977031395,1.0453921497099319,1.5396003383317172
26,LGG,Dorthia,Casburg,Asia,462030176,444375000,444559007,419003155,388463251,343366241,301534828,278628962,16577925.469598798,27.870204679547374,1.0159762294267123,1.5185226680227528
27,XOK,Pellyn,Pelvia,Africa,447543219,439153585,438066001,403139801,369517044,334778788,305246323,277769998,1561638.6084074103,286.58565214163946,1.055245324005405,1.4709093870340002
28,PCW,Kurfield,Quenova,Africa,374296248,371566345,362518507,345513293,303663684,278137630,251229223,220423168,11437172.453707466,32.726292229568365,0.998625745943736,1.230173626459987
29,DOP,Tirlyn,Ashfield,Africa,354714882,357011839,335548988,322294468,301953513,266828311,242431594,212260402,4529908.588700959,78.30508608601338,1.0450400484671485,1.1658169032708718
30,WCJ,Pelreth,Fencove,Africa,352794923,356837150,331448411,320810219,292315590,261587072,241078507,211090366,6720727.279665415,52.49356331827878,0.9647108869474927,1.1595067066330353
31,CVB,Nirova,Silfield,Europe,338841576,323491932,322966104,308261837,283828944,255584211,233418016,212729878,5945156.077344103,56.994563572731586,0.9593418870971998,1.1136472047759807
32,QPQ,Dordor,Nalhaven,Asia,337158270,323077485,316135576,311161297,274656808,263616651,229317701,194080709,8941648.655053886,37.706499439500526,1.0574572129042974,1.1081147992081273
33,FMV,Morstan,Varwick,Africa,333018447,319819096,313233331,309343977,272571221,254283489,230459608,203803520,10670927.008414637,31.20801470550739,1.0115248999768651,1.0945087288827509
34,MUA,Nalland,Quennia,Americas,285159866,279470994,272511158,259424237,233872716,207785777,207068474,168837772,11946275.403789971,23.87019019413638,1.0478115257504017,0.9372152361999201
35,IHF,Ordstan,Tolreth,Europe,267902118,259642600,258173627,239940598,217335481,200771048,186616324,162374596,7555218.52203702,35.459215007293906,1.0098374608103826,0.880495387804078
36,XNJ,Tavia,Fenstan,Asia,257565455,251430894,246841951,238013170,216367331,197809572,172470374,154961741,8128591.577801124,31.686357044115923,0.9872087248065666,0.8465225914531918
37,TQS,Pelburg,Dorport,Africa,255663018,249352971,239149993,235349339,212173284,186120153,166729557,155613515,8609754.779895753,29.694576040305712,1.0550716046704662,0.840269983162548
38,UWB,Kaland,Tacove,Asia,239008671,236318079,227544408,209431127,196670312,180705506,156310967,143348500,5376515.510271992,44.454195387954684,0.9805176520536517,0.7855332911577887
39,ZID,Quenfield,Tolgale,Americas,233234856,224516407,219453556,218307051,189795320,180015464,158509145,138652638,7896953.430027499,29.534789342070088,1.006384508592854,0.7665568921823465
40,MGS,Kania,Varstan,Asia,219665737,217917221,209517500,196368022,182903680,167143083,146510213,133169467,9473296.312972132,23.187888327656726,0.9537653540946316,0.7219602059550854
41,PZO,Quencove,Quengale,Americas,217348316,218631293,208399399,201061513,177964729,166645534,145642490,131107755,2437637.049599955,89.16352663562832,1.0411404523115753,0.7143436984136993
42,NNP,Cashaven,Zargora,Oceania,215773945,214270290,204845644,198234337,177902892,154461744,150884665,127739765,1373901.4995445334,157.05197575774676,1.0497228561515979,0.7091693219864382
43,GPK,Zardale,Ordcove,Africa,214940250,208980209,205940522,200868933,174141056,162946011,144583983,130068154,10941971.716564335,19.64364883840963,1.0260280593461801,0.7064292742114695
44,MJY,Nalvia,Nirport,Africa,208256844,202615931,197560572,184544797,172029944,160407344,138569627,122164458,6119758.879485679,34.030236828138314,0.9669372733967666,0.6844633853198329
45,NTV,Tadale,Renreth,Asia,185605441,179510946,175904974,168063982,154522302,136640235,123251599,112442886,995227.1098671111,186.4955638364626,0.9940243517474865,0.61001658356371
46,JBN,Mirareth,Tollyn,Africa,171568841,172792190,165432473,156233338,145399474,131557716,114221406,101958794,1318904.0767350513,130.08439660351863,1.0345106162067563,0.5638834598216621
47,GVE,Tagale,Casova,Africa,162404487,161724615,151758954,149135427,132937598,117084507,107741240,100016428,13924252.05394858,11.66342625591484,1.0530638958605167,0.5337636104921997
48,WSX,Silstan,Rengora,Africa,154722451,152849058,151584151,140267715,132344075,114604349,107678334,93088136,3617756.7074264204,42.76751133717491,1.0066183929916845,0.5085155933528023
49,QMN,Fenstan,Veldale,Americas,140263463,135437008,129659252,127263820,115838899,105691411,91345339,83711331,16879290.034436785,8.309796366662184,1.0368537071776582,0.4609942361445904
50,CGK,Quenhaven,Zargale,Oceania,129625052,127351388,125616711,121844572,111023843,99275033,82906525,77293716,11173328.937035674,11.601292034850808,1.031322799580923,0.4260297054831936
51,MHR,Renlyn,Tador,Oceania,122490704,119042843,116302039,113980038,101567009,91215032,84296846,76276587,9194978.904656306,13.321477435687331,0.9588237734925872,0.4025817366657568
52,TPZ,Nirgale,Kaland,Africa,116010484,109795787,109822051,102232507,96670006,88435025,80899030,70512700,6172763.201657455,18.793930726007748,0.9975400762089479,0.38128364516669766
53,ROZ,Brador,Rendor,Africa,115950434,114794354,111256879,107246115,97356359,83550462,80995477,68043704,3240833.77367608,35.777963973905806,0.964146280037821,0.3810862829792228
54,YLV,Renfield,Fenburg,Oceania,110784552,109933644,105097209,102258196,95406069,80062548,76923710,67239621,11854344.697227534,9.345480904221558,1.0426165643749838,0.36410793540624803
55,PLN,Casland,Nirburg,Americas,109810146,107534794,103683631,100195826,92433372,80232558,74336535,65648011,7491849.305214116,14.65728173731087,1.0194469470782694,0.3609054225061872
56,VIK,Tareth,Quenhaven,Oceania,106658926,103229898,99991026,95727505,89516839,79450433,70635859,63142954,11886638.39941967,8.973010065251694,0.9505717236294068,0.35054852538021536
57,HQB,Tawick,Bragale,Asia,104092134,100740140,98781198,93051074,87663707,77327739,69447931,64317107,15566292.627267541,6.6870215338019126,0.9984522604558173,0.34211242739665104
58,YJJ,Nirport,Dorlyn,Africa,101189926,99587944,93741406,90206684,85737042,75367366,67969889,62451248,16854438.615581967,6.003755349433572,0.9917330381229925,0.33257394081235275
59,XXE,Ashlyn,Renfield,Americas,100026740,98080357,94227264,91958829,83686286,75804916,67724317,60426222,9506983.590972174,10.521396091919769,0.9716126967000538,0.3287509777249229
60,VMF,Lusburg,Tirgora,Asia,87617740,86040631,82886056,82273056,73566469,64071009,60417498,53171687,10061334.057281166,8.708362082122994,0.9965440435218705,0.2879671744880228
61,ADX,Tolnia,Dordor,Americas,73499441,71780181,68543163,67641342,61131336,54416789,49081606,43791049,3015602.630200327,24.373052425384515,1.0551621265711812,0.24156553628545013
62,DHF,Orddor,Tirmoor,Europe,65285750,64107638,61296691,60646065,55298933,49878258,45135840,39753916,12720373.395643786,5.132376854783031,0.986969879463706,0.21457016537782683
63,JGA,Dorlyn,Tastan,Americas,64426414,61656689,61407761,61060979,53958093,46873358,43641409,39501738,3393157.482300835,18.987157046514,0.9683837440961242,0.21174584509912714
64,EGK,Nalfield,Renlyn,Asia,60308581,60450857,57398176,56655759,49822480,44979782,42234919,35180373,11790367.761641406,5.115072084197999,0.9836013661403619,0.1982120477879486
65,DJW,Ordlyn,Renstan,Asia,57490317,55932749,54384485,52035086,49821570,45025885,37925693,34205007,9716477.509827362,5.91678588684568,1.0591394066860305,0.1889494541506177
66,ASI,Tirburg,Renthia,Europe,55065917,53830581,52679133,50132431,44875153,41772492,37992815,32743025,7105215.368437112,7.750070074527873,1.0153696591981873,0.1809813461187424
67,YHL,Morland,Pelreth,Europe,48103298,47728824,45145415,43383504,38967202,36629090,32814179,29466616,6240931.368639114,7.7077114229649535,1.0455529779995838,0.1580977871446508
68,HFZ,Ashport,Nalport,Africa,46935152,46668591,43459489,42642958,39112663,36137484,32115781,29123946,5928290.478395891,7.917147813698219,1.0198298127127619,0.15425852236779755
69,HDB,Tirfield,Quenvia,Oceania,46744533,46661913,44608877,42040571,40351735,34500404,31259773,28834786,15799712.849019542,2.9585685161930493,1.0332488382673706,0.15363202806614437
70,NOM,Varcove,Nirdor,Asia,39040112,38198373,36321453,35335653,31779557,29047612,26176063,24111937,202504.39235549662,192.78649487989895,1.0221024366508762,0.12831043969333095
71,PBA,Casova,Pelova,Africa,38885542,37221178,36952385,35349147,31847537,28980457,26497432,23278893,12299788.2307238,3.161480610118742,0.9579416110780513,0.1278024251501504
72,OUX,Fenfield,Velland,Asia,37100620,35558486,35570230,31842566,30578068,27423075,24730477,22561529,1565040.900820355,23.705846908251914,0.9777787082696079,0.12193604529349683
73,TOC,Brastan,Kagora,Europe,36992290,36518038,34613613,34023108,31011447,27495139,25602113,22390064,10968038.542670751,3.3727352302859672,1.0137137852182694,0.12158000456461832
74,VSA,Fendale,Varland,Europe,35055376,34709561,33397019,32440902,28882867,25390857,23789162,21089742,10636131.470557801,3.295876522120646,1.0589972203417024,0.11521408309932721
75,IJK,Lusnia,Kania,Europe,30961925,30886779,28359259,28380106,25581152,23434677,21336675,17956173,9009905.588290129,3.436431680287546,0.9666099029181584,0.10176042042353609
76,KLE,Lusfield,Kagale,Africa,30848182,29956677,29422665,28069143,25466761,22880581,21287289,19127408,6028833.926995261,5.116774217626289,0.9673638387529413,0.10138658916142192
77,AJB,Bragale,Casdor,Americas,28996487,27867491,27464904,26778496,23908730,22261104,18425568,16698600,12575431.141266875,2.305804602185499,1.0268836601410978,0.09530075109753669
78,JIG,Mirastan,Tirthia,Americas,26364320,26038337,25206242,24051903,21733329,19997581,17751605,16007845,13995271.347617323,1.8838019889116686,1.0229199326124432,0.08664978961678386
79,LQF,Velwick,Braport,Europe,22651514,21834359,21797885,20426759,19366278,16547420,15086892,14336512,7556239.896812835,2.9977229825053913,1.040980818011926,0.0744471665721564
80,UQM,Morgora,Miraburg,Europe,22376265,21424096,21417283,20109846,18917780,16762269,15667978,13592882,7058584.078356322,3.170078411138029,0.99718777898986,0.07354252469471635
81,YVI,Morgale,Boland,Asia,21452541,20792267,20437617,19532396,17742793,16159441,14517185,12631522,5791356.5411446905,3.7042342061985702,1.0305032452318497,0.07050658482355814
82,ZBV,Lusland,Lusdor,Europe,19964809,19876620,19164458,18012900,16727692,14807247,14249542,12589838,5323757.338656594,3.7501350512414517,0.9667575578862564,0.06561695881362664
83,UFV,Kurvia,Brawick,Americas,19749561,19321462,18881346,18104209,16753362,14542344,13174815,11310932,982793.9607138792,20.095321898045007,0.9995057937808114,0.0649095180787458
84,EUT,Silmoor,Braland,Europe,18657741,18802963,17220473,17054479,15669093,13824038,12583339,11456273,2832692.180533009,6.586575529886659,0.9697284919111588,0.061321108694418924
85,UQW,Vardor,Boova,Americas,18262327,17962574,17488293,16555333,15279360,13674785,12736519,10546665,14067774.154032819,1.2981674854912797,0.9761568918627113,0.06002152881101852
86,GGG,Nirwick,Nirstan,Asia,18127701,17652150,17299155,16297740,14803367,13794977,12247601,11025891,7154641.401419596,2.533698054580789,0.9974759539485536,0.05957906283514851
87,YKC,Nalburg,Ashdor,Asia,16693307,16654075,16033209,15247210,13949315,12521153,11538710,10087109,6198791.616136236,2.6929937371253483,0.9595241356612789,0.0548647391458754
88,ZEQ,Miramoor,Cashaven,Africa,16240172,15354653,15197454,14219357,13156708,11988523,11129620,10254443,6663053.708896039,2.437346704607419,1.0344450155082503,0.05337545163844105
89,SPI,Dorstan,Kurdor,Europe,16216334,15696694,15065861,14708306,13892793,11788284,10646487,8877113,3975607.6182978246,4.078957371286832,1.0506331064259586,0.05329710493028074
90,RRL,Fennia,Rennia,Africa,15691687,15694846,14997334,14775769,12607642,11157872,10680973,9112042,14936338.054485468,1.0505712272150733,0.9873623024312556,0.05157278387162735
91,VFC,Bogale,Pellyn,Oceania,15303698,14680580,14411317,14160634,12304559,11614076,10665695,9435064,9824078.808799872,1.557774351961813,0.9702266746959178,0.050297607222898076
92,TLC,Velland,Bracove,Europe,13479706,12875398,12893384,12263940,11185709,9843508,8701901,8198807,5392696.349034946,2.4996226613820505,0.9844710704782391,0.04430281869572586
93,FLK,Bramoor,Nirlyn,Africa,12892907,12848631,12283768,11584099,10687897,9625732,8719884,7797116,5136476.507102759,2.5100683283904037,0.9600129521724591,0.04237422695137823
94,DEM,Ordmoor,Naldale,Africa,12288099,12178725,11739208,11062714,10528120,9171887,8380703,7345582,947966.8230675191,12.962583395310215,0.9675685322740456,0.04038644627057372
95,BOF,Silgora,Velmoor,Asia,12005751,11859267,11555942,11011303,10006624,9129372,8394515,7112594,11215272.640744882,1.0704823132327006,1.0229410611307916,0.039458472600146434
96,XMI,Kurmoor,Morstan,Americas,11943041,11708139,11257902,10613127,10091598,9132534,8004326,7298431,6056589.013764509,1.9719087712337164,0.9620930700507009,0.039252367974392056
97,PGU,Toldor,Nirgale,Africa,11484273,11204578,10876163,10592703,9553420,8449100,7527767,7184440,2650115.9350234056,4.333498338025945,1.0015642807911695,0.03774456687491698
98,IRB,Lusdor,Mormark,Asia,11379277,11148085,11001603,10426042,9627775,8605992,7693605,6964163,8166473.767188676,1.3934137700557798,0.9894617543968621,0.03739948377356622
99,SAI,Nallyn,Morport,Americas,11106219,10897394,10582936,10070445,8996502,8464390,7545422,6373092,16655980.28255615,0.6668006812923266,0.9748893338764429,0.036502042904498495
100,LWO,Varmark,Zarvia,Oceania,10864607,10650431,10257917,10001224,9040829,8041421,7408353,5930727,12299733.204248592,0.8833205419648559,0.9902328806009236,0.03570795343172277
101,FMH,Nirreth,Bomoor,Africa,10828428,10771261,10244676,9814982,9015692,7896762,7367860,6783708,15703617.670677476,0.6895499003531743,0.9833713270584508,0.03558904641122895
102,HNE,Kagale,Ashgora,Americas,10557742,10218235,10043576,9512548,9089845,7946738,7096392,6362242,8817504.907558179,1.1973616244829222,0.9936453029896675,0.03469940143073225
103,XVB,Varstan,Zardale,Americas,9330113,8924478,8716223,8624701,7823967,7103580,5994224,5598690,15591201.21958096,0.5984216910934566,0.9572654420293046,0.03066463798614264
104,VWG,Ashcove,Bradale,Americas,8739991,8669793,8430216,8047318,7135029,6608301,5961917,5372082,7468863.48654152,1.1701902191342741,0.9716515888917,0.028725124767207514
105,YJB,Silcove,Silcove,Asia,7986669,7832886,7765107,7487129,6834881,5987867,5286364,4937303,10519570.034146246,0.7592200987374469,0.9524101719132839,0.02624923338014747
106,YRF,Nirland,Tirlyn,Americas,7971690,7931700,7482957,7267426,6689617,6047944,5373094,4723079,14196372.21905637,0.5615300780363645,0.9700874703457344,0.026200002935414978
107,IDW,Quendale,Brania,Asia,6135189,5970225,5856445,5610060,5065236,4506746,4244170,3617727,11362791.50202899,0.5399367751229505,1.0229817388192364,0.020164101941912652
108,IVT,Casnia,Ordgale,Europe,6052384,5927163,5801723,5656168,5026977,4699770,4097215,3587557,8827962.140924532,0.6855924281712141,1.0350362433413056,0.019891952467576968
109,LXQ,Bomark,Dormoor,Europe,5706884,5615135,5347440,5239875,4781884,4305186,3740489,3421251,8757417.724785002,0.6516628736172462,0.9748971292974389,0.0187564214805233
110,RJB,Ashdor,Ordreth,Asia,5673768,5569468,5465249,5251997,4746576,4158283,3943496,3190955,7144911.109145805,0.7940991725897504,1.0081247216924556,0.018647581410574616
111,HWA,Ordwick,Tirland,Asia,5417200,5196373,5015850,4998969,4458908,4159949,3747810,3167749,15314991.828590814,0.35371876528767665,1.0269068141425688,0.01780433708557784
112,MWE,Bragora,Boport,Asia,4956136,4844854,4638114,4570245,4119534,3634081,3439816,3004024,12132686.590520276,0.40849452122767393,1.0490201933545347,0.016288989881482578
113,FAU,Tirstan,Quendor,Oceania,4112000,4083090,4021652,3774662,3417549,2995785,2789065,2479083,3825727.7025429406,1.0748281947162042,0.9815148365293744,0.013514626392951356
114,SAD,Dorport,Nalmark,Africa,4075804,4024685,3839431,3770837,3457520,3089098,2639202,2489297,14173970.495485563,0.28755555835946967,1.0438303658213748,0.01339566349973169
115,GBB,Boova,Kaburg,Europe,4028674,4005553,3841857,3753418,3344442,3081689,2713026,2313550,12412889.48421479,0.32455569713427157,0.9776204587514548,0.013240764583900024
116,UIJ,Lusthia,Morgora,Asia,3879620,3869390,3758348,3571139,3288792,2821544,2685783,2406645,11114741.459382989,0.34905175385117493,0.9818698379089231,0.012750879096941134
117,YJE,Bothia,Tirreth,Americas,3762379,3699638,3506840,3330953,3196112,2936430,2481636,2270460,9349490.925398367,0.40241538603768323,1.0350212770260885,0.012365551199826344
118,NFI,Peldale,Quenreth,Asia,3696065,3627919,3543533,3464647,3119183,2818661,2729596,2290474,4341485.498746279,0.8513364840369358,0.9590680398191589,0.012147601556192546
119,YCX,Silthia,Taova,Africa,3603696,3457903,3375862,3291270,2994394,2746522,2499502,2161336,3693661.062478395,0.9756433898626232,0.9733013094982316,0.011844018743621895
120,ZDO,Nircove,Lusnia,Europe,3081956,3008331,2986541,2863071,2444775,2307472,2115210,1843696,6291607.578890596,0.48985191167047387,0.9621704658246399,0.010129251921088225
121,INC,Nirnia,Renhaven,Asia,2977473,2928376,2856972,2645823,2458247,2266529,2032986,1786600,5718980.908684169,0.5206299946689386,1.035990902026218,0.009785854861405653
122,IHZ,Nalgale,Kurfield,Europe,2739382,2641601,2618563,2563899,2253891,2041803,1862771,1628008,1058012.5290224627,2.589177278014862,1.0154195601669986,0.009003337616141992
123,YUS,Brania,Ashthia,Americas,2596475,2521755,2469277,2333789,2136218,1947640,1747137,1612730,9566947.921889538,0.2714005575444983,1.016951249704107,0.008533655049522951
124,ERV,Ashgale,Tolvia,Africa,2563865,2522382,2464076,2271590,2140305,1917712,1752217,1526809,12785616.585345317,0.20052728649306314,1.0196346009202049,0.00842647801482593
125,MIX,Zargora,Quenmark,Africa,2389732,2315498,2264848,2160206,2024851,1814635,1631860,1417881,2820055.251290095,0.8474060920993536,0.9929970123475482,0.007854167110719948
126,LWB,Mirahaven,Tamoor,Africa,2244319,2146494,2138099,2035172,1860894,1699721,1531871,1290945,13673890.370792437,0.16413170934834223,1.0429405863597758,0.007376248246984969
127,DTE,Nalova,Tircove,Asia,2118290,2039784,2030192,1921167,1747762,1584896,1415524,1287469,8367963.409655653,0.2531428373068339,1.0380586609951372,0.006962037437238553
128,MFA,Tirmark,Morthia,Asia,2072168,2040971,1925646,1870579,1676888,1581602,1382703,1243770,14069253.243812678,0.1472834388641977,0.995051789886425,0.006810451445386484
129,KMA,Renova,Boburg,Asia,1926794,1878500,1769123,1764770,1580742,1404269,1345132,1150578,13611471.660044204,0.14155662577295058,1.0387301250062495,0.006332660760257859
130,KQC,Fencove,Bramoor,Asia,1906161,1857800,1817398,1719919,1563185,1432072,1279528,1157862,13451408.573504537,0.14170716691741836,1.02423044884033,0.006264847704235055
131,CKL,Pelnia,Taport,Asia,1805533,1806294,1691963,1657677,1503585,1378371,1222406,1012066,6943692.20038294,0.2600249187169365,1.0590839736364415,0.005934120606795875
132,WVN,Casgale,Kawick,Americas,1752373,1713917,1672797,1558107,1432147,1315774,1194877,1066526,12839709.084375868,0.13648074021648926,0.9735362969534606,0.005759403306443421
133,ESM,Rendor,Vargale,Africa,1700293,1672389,1605344,1559137,1399952,1281728,1161115,1020870,16461834.968805926,0.10328696668518068,1.019020083090898,0.005588235567497674
134,ROL,Tacove,Tirburg,Asia,1537611,1494696,1474826,1375277,1284893,1130138,1060947,871200,3519932.7641251767,0.43682965074537405,1.0122140411261378,0.005053559874195604
135,LFZ,Kurcove,Tirport,Africa,1531667,1516389,1499777,1351798,1310568,1141350,989682,925970,7051078.287877841,0.21722450630469242,1.0153132636588267,0.005034024139934977
136,LXB,Casdale,Tirvia,Asia,1504310,1495018,1433675,1335672,1270338,1136919,1012463,896478,236130.66659040487,6.37066765499542,0.9975246661504146,0.004944111777524478
137,MVL,Ordcove,Pelthia,Americas,1369402,1369492,1307066,1255493,1173388,998754,924065,849894,6933849.999071335,0.1974951866832145,1.010570551937895,0.004500718971731608
138,ULO,Varwick,Ashhaven,Oceania,1254628,1243769,1173375,1150368,1063970,933722,832375,743941,7948671.6052824715,0.15784121703634205,0.9657750907649139,0.004123499193126404
139,XDN,Tirhaven,Morova,Oceania,1191039,1178268,1129405,1066412,994708,906671,810280,708499,2618914.3578886446,0.4547834855356666,0.957094242913099,0.003914505618782683
140,FGX,Bravia,Kurnia,Americas,1120711,1075132,1042992,1022953,925591,860250,739091,682590,2053968.0790631033,0.5456321407444662,0.9721872058431499,0.003683363438587282
141,IGT,Tirgora,Lusgale,Americas,1093475,1074999,1073428,1019128,918876,835278,732744,683270,16089695.401817378,0.06796119955611396,0.9545561998166205,0.003593848758519573
142,ZRM,Varport,Ordwick,Americas,995700,982131,917257,898125,822129,741816,692678,585792,4616499.535871543,0.21568289832222914,1.0475589525435085,0.003272498419129782
143,ZVY,Nalthia,Sildale,Americas,956126,961889,903781,850956,794811,723110,644335,583722,4155335.414951707,0.23009598612898305,1.0577159505772908,0.003142433286621354
144,ZTC,Ordburg,Tawick,Europe,943432,920410,867921,846859,767664,702720,636632,566267,13739132.00466639,0.06866751114113837,0.9977035805270797,0.0031007127935687947
145,CWM,Nalcove,Ashgale,Africa,904218,886786,838900,825192,735018,706671,611166,543921,12169050.033707444,0.07430473188090915,0.9797238755523997,0.002971830848195936
146,KIA,Renvia,Velgale,Europe,901056,869153,866826,827435,767993,669556,609952,557747,11025832.239057086,0.08172226644335893,0.9866791896531866,0.002961438521188516
147,UAJ,Bohaven,Silland,Asia,861053,849376,815888,778656,709854,636926,569245,526378,5783590.023030845,0.14887863706991664,1.0030636498948198,0.0028299634240102002
148,JOP,Velgora,Velgora,Asia,771352,762680,739783,689703,636923,575560,522349,466003,7951833.490835213,0.09700303721009905,1.01973047607948,0.0025351493427664914
149,FSF,Kareth,Kurdale,Asia,738032,713902,707507,671048,618732,546853,531806,445061,12329142.086885056,0.05986077496706529,1.006036740716974,0.002425638800107654
150,NSP,Tolburg,Kurlyn,Africa,705895,703276,656944,623143,569182,529803,479311,444806,3521051.68552616,0.20047845446339033,1.0314989857064545,0.0023200163418415362
151,NIE,Ordgora,Tirwick,Asia,694162,674897,646598,609707,552754,518876,469967,409255,7016240.249614085,0.09893646387581741,0.9630238870660172,0.002281454301114761
152,XXA,Zarmoor,Bodale,Africa,677238,655097,619583,634208,548584,499068,452147,412301,5775053.187460609,0.11726956930379256,1.0497566086942314,0.0022258313592192582
153,LLH,Tolport,Kurgora,Americas,632096,613367,608903,570367,518696,459627,434909,376321,2451342.2856549793,0.25785709474313945,0.9813646661810589,0.002077466265680686
154,LQU,Zarburg,Zarmark,Asia,618453,621787,580348,554553,507746,467291,412138,378653,8655222.09797674,0.07145431890702962,0.9908767391531544,0.0020326267598735274
155,ZPU,Luswick,Pelfield,Africa,593835,580406,569682,534861,492411,453520,398250,368840,2816103.560233828,0.21087115132608703,1.019512323189141,0.0019517164795861547
156,TRL,Renreth,Peldor,Asia,583953,578790,537852,531863,489335,439178,394250,338197,10907409.846130202,0.05353727495691184,0.9731940479192089,0.0019192379927147674
157,VNX,Lusport,Bohaven,Americas,530525,515608,504709,472894,433291,391137,357756,329117,16337666.53091337,0.0324725075638045,1.0264710058984934,0.0017436398752724992
158,JON,Bomoor,Nalwick,Africa,526226,504115,496041,481381,442186,400634,360013,310975,16910885.305768598,0.031117590267169225,1.0466798478113273,0.0017295106488952384
159,PMQ,Kurthia,Naldor,Europe,522714,499272,489394,486881,447888,386940,359543,328140,2117529.843807537,0.2468508302391178,0.9672144363425975,0.0017179680010615697
160,MOT,Bradale,Dornia,Oceania,516349,507600,488962,468644,443198,385439,352168,302825,13072056.278178195,0.03950021243880092,0.9874601377182628,0.0016970485951785113
161,BTC,Tolcove,Quendale,Americas,485825,485948,453569,443269,406473,369760,328185,297224,15022693.01194818,0.032339408095046804,0.9842455522259175,0.001596727472605932
162,OFA,Morport,Silburg,Europe,479185,475376,454019,440144,392366,361154,324291,279220,12069434.556506041,0.039702357037239566,0.9918149615839906,0.0015749042432165357
163,ZIB,Mormark,Fenreth,Oceania,453277,441845,434657,405527,386721,344506,309061,269875,9601143.433932872,0.04721073100501803,1.000259159550596,0.0014897542090267053
164,FXR,Silland,Tagora,Asia,444541,431140,412663,400603,379272,337524,302786,262013,852330.2882938437,0.5215595481064765,0.957418769642131,0.0014610422012035478
165,MNP,Ordthia,Zarmoor,Asia,428884,428077,415547,396410,355993,320871,294142,259866,9933490.462002221,0.043175558645833036,0.9684349523285765,0.0014095834206990635
166,NEK,Nirhaven,Kareth,Americas,428541,429989,410743,393806,358004,313191,295618,259043,12582565.859751262,0.03405831567079686,1.0448620829018773,0.0014084561062893402
167,UXC,Tolgale,Varlyn,Americas,401087,383921,378600,369126,339337,291490,273806,234175,6938414.076019682,0.05780672580297905,1.0109035881482549,0.0013182249406784243
168,CTG,Tolmoor,Zarstan,Europe,339547,324055,326645,313350,277016,257535,232113,201269,10858456.989908736,0.03127028088019842,1.0499384015666176,0.0011159656731146532
169,HVZ,Ashstan,Kurburg,Europe,333221,330800,324257,293111,279331,248943,224669,200104,11224451.092509612,0.02968706418279711,1.0488650434746185,0.0010951744458379483
170,JDN,Kafield,Quenthia,Asia,317248,302681,301041,290195,270923,238538,214446,192767,2606674.255807414,0.12170603952266096,1.031862551987191,0.0010426770899589085
171,HTO,Casgora,Luscove,Asia,292800,288664,278344,261491,240692,209244,198042,186695,875983.148193074,0.33425300544190883,1.0388188349608194,0.0009623255369299991
172,WRP,Varthia,Caswick,Asia,289841,291742,270515,260891,246791,212286,199221,176129,10889266.973556401,0.02661712681889907,1.0037810924837944,0.000952600396001803
173,PHS,Kastan,Fenwick,Africa,276712,272977,265273,253555,235941,200043,186260,176882,246086.52075270255,1.1244500477052688,0.9562131816374275,0.0009094502184937635
174,YWX,Miralyn,Ordlyn,Americas,211453,213806,203834,191110,175584,155701,143528,122601,15912380.370190315,0.013288583799575863,0.9794483267207648,0.0006949679704933713
175,DCY,Bolyn,Tolland,Europe,196243,187907,184766,179410,168448,139483,127218,121287,11484156.109001057,0.017088151548740143,1.0039563565329268,0.0006449783140155528
176,XHV,Morthia,Kador,Africa,159764,156035,155438,147213,135663,121953,107672,97623,8818323.924234975,0.018117275048258125,0.9717097887474042,0.0005250853042420915
177,CMN,Braburg,Tirdale,Africa,157301,154036,149278,142069,128990,124882,108106,97203,14625516.912235286,0.01075524379370185,1.0013613529430978,0.0005169903322562356
178,NSI,Rengale,Ordstan,Africa,152478,150635,144312,139813,127422,113554,104862,88553,13392182.424484912,0.011385597594700073,0.9516304141883813,0.0005011389112705342
179,BEJ,Quennia,Taland,Asia,151377,144363,141651,139212,123618,114396,103585,88705,14081594.81519632,0.010749989755183107,0.954015305265177,0.0004975203306142504
180,YPW,Velcove,Kaova,Asia,117824,114455,112243,108650,99175,88971,79672,71442,10479478.977467665,0.011243307062625723,1.0137156514258836,0.0003872440029482248
181,IXR,Fengale,Quenfield,Americas,114611,111353,109754,99958,95018,87084,80226,69432,5141977.399976858,0.022289285052189422,1.0346071767662193,0.0003766840577632655
182,GOA,Tastan,Silnia,Asia,114235,111112,107990,104723,94110,87558,76536,66553,15492812.87150051,0.007373418948997872,1.0187558422593253,0.00037544828453278163
183,BMF,Kamark,Kamark,Africa,100884,96299,95845,92217,84580,74761,70749,61949,5872440.915495991,0.01717922776094534,0.9739441439289617,0.00033156847495780753
184,SEY,Lusmark,Ashvia,Asia,99721,100252,96153,89817,83049,72924,67824,61049,3255381.5703284857,0.030632660978644543,0.970022819838058,0.000327746123183731
185,JKI,Fengora,Fengora,Americas,92935,89633,88126,83543,76877,69532,64155,55170,1968110.7222468522,0.04722041242369876,1.037305120505943,0.00030544304567824273
186,LLF,Tamoor,Quenport,Asia,92274,89787,87079,84198,77580,71810,60694,55093,6701806.865488417,0.013768525690463211,1.0365082385974822,0.00030327058263209954
187,QKO,Zarport,Ashstan,Asia,91669,90034,84439,85341,76358,70785,62819,56606,14519400.961621618,0.006313552483487709,1.0487045919912916,0.0003012821709181561
188,HOE,Brafield,Zarreth,Asia,79171,78510,75327,73639,66300,59676,55084,48139,9344414.495297853,0.008472547963260744,1.0431033965811949,0.00026020585752829567
189,IJN,Miravia,Orddale,Oceania,76508,75188,72071,68778,63979,58088,51962,42842,16942303.9503098,0.004515796684110428,1.0407093490424897,0.0002514535593560122
190,WVW,Fenvia,Zarova,Africa,72091,69340,69465,65242,61713,53523,50227,43694,9245712.287458006,0.007797235925002002,1.015807061689838,0.00023693651052875876
191,EZE,Ashburg,Rendale,Europe,70479,68711,67957,64381,58172,51611,48000,43175,698595.5825364126,0.10088669576768537,0.9678401565478298,0.00023163846146615237
192,PAM,Pelwick,Vellyn,Oceania,65129,62737,62680,58106,53227,49384,44499,37770,14029779.090282548,0.004642197113788508,0.989107868510232,0.00021405498597921422
193,GWR,Tirgale,Veldor,Europe,60021,57769,57587,54972,49708,44521,40850,37022,9842056.144873044,0.006098420809280421,0.9519818045624336,0.00019726687517785342
194,SDF,Silnia,Lusova,Africa,57285,55722,54231,52495,47509,42593,38604,34192,2622604.0361814597,0.021842794112148012,1.0116387915235074,0.00018827465294752392
195,IHV,Ashgora,Bogora,Americas,57162,56535,53550,51409,47061,42938,39590,33399,16840709.067010444,0.0033942751325106396,1.0511257532963316,0.00018787039734287096
196,HKN,Quenvia,Lusthia,Americas,53283,51470,49942,47836,44197,39251,37175,31310,2638557.334686861,0.020193989836617868,0.9944311387231299,0.00017512155595710775
197,DWJ,Silburg,Casdale,Africa,48636,47183,47132,43641,40675,36696,32695,29264,5053569.134640824,0.009624089174245905,1.0438838377930324,0.00015984858201546258
198,YWA,Kagora,Ordfield,Asia,43978,43727,42972,40628,36498,33594,28585,26600,12970927.312154826,0.003390505469781563,1.0489039871720076,0.0001445394551335639
199,JKE,Miraport,Renburg,Europe,43434,41213,40210,40015,35639,32110,30627,27505,5391450.710686266,0.008056087745346628,1.0072018641640985,0.00014275152790648083
200,YUN,Mordor,Tolmark,Africa,42798,41979,41180,39102,35299,32458,29340,26034,2309238.908104714,0.018533379049604726,0.9686575923188102,0.00014066123063364108
201,WHR,Fenwick,Dorfield,Oceania,42628,41894,40118,38325,35491,31427,28843,24748,11774417.933930717,0.0036203912787193945,1.0349081353352867,0.0001401025033751776
202,ANG,Velhaven,Tolburg,Asia,40802,39872,38297,37081,33181,29877,27554,25528,16860644.11510299,0.002419954998246564,0.9931872827823356,0.00013410111529309367
203,KHN,Boland,Kurland,Americas,37306,36309,35830,34616,31347,28411,25663,21978,5529147.137759666,0.006747152692904439,1.0396075955572763,0.0001226110535543393
204,BEN,Tirova,Varnia,Asia,33595,32377,32513,30678,28614,25239,23919,19866,569618.0479819421,0.05897811721208845,1.0582012004358956,0.00011041436616517529
205,JYE,Fenreth,Velhaven,Asia,33082,32418,31590,30897,27895,24917,22053,20444,14692238.81776072,0.0022516650056088666,1.017625091323557,0.0001087283244969885
206,IXF,Nalreth,Ashwick,Africa,32304,32708,31193,30019,27364,23627,21580,19887,6915254.948811827,0.0046714112840554696,0.9822723028316109,0.00010617132563178516
207,WWU,Tirvia,Pelgale,Asia,31349,31117,29178,28459,25569,23240,21997,18743,13436687.317270165,0.002333089939490305,1.0206195525014639,0.00010303259309159339
208,UOD,Dornia,Morcove,Oceania,29699,28657,28327,26309,23638,21501,20109,17342,2571351.8779496592,0.011549955591329392,1.0488187586324187,9.760965205356574e-05
209,GJP,Silhaven,Silhaven,Asia,26812,26130,25687,24169,22579,20228,18319,16074,12743949.493989712,0.0021039003656319454,0.966421314245653,8.81211485524834e-05
210,DRI,Zarhaven,Mirareth,Africa,25923,25016,24787,22720,21357,19492,17425,15764,7158295.11450741,0.0036213930251999486,0.9656737716224872,8.519933365381273e-05
211,LCO,Morwick,Pelnia,Europe,25063,24684,24448,22544,20927,18541,16990,14505,1398098.410379661,0.01792649202225615,0.9744429710214266,8.237283105217408e-05
212,ONE,Renmark,Lusdale,Asia,22749,22217,21308,21040,18637,16848,15429,14094,16143214.675122786,0.001409198877535646,1.008976506952503,7.47675670752068e-05
213,JYQ,Tircove,Mirastan,Africa,22041,21252,21210,20569,18595,16023,15198,13386,10439523.987374943,0.0021113031615862298,1.0088620585449748,7.244063237525312e-05
214,VXG,Ordland,Fenport,Europe,21589,20645,20122,19125,17758,16831,15017,12744,16660694.544486657,0.0012958043221039793,0.980118135148547,7.095507519392676e-05
215,NOJ,Velburg,Kurreth,Asia,21025,20377,20438,19147,17646,15916,13388,13167,16572216.433334457,0.0012686896821905438,1.0468699234334662,6.910141534820093e-05
216,LXW,Dorhaven,Velstan,Americas,19788,19454,18628,18226,16248,14679,13269,11404,4983399.8047168385,0.0039707831551605505,1.0308686845330932,6.503585288514626e-05
217,QFW,Quenland,Quenland,Americas,17338,17377,16790,15641,14675,12804,11857,10269,10164622.842844166,0.0017057199532204827,0.9632250891810881,5.6983607101408214e-05
218,NNO,Renstan,Zarlyn,Americas,16687,16619,16068,15489,13762,12400,11172,10297,14595829.696140518,0.0011432717664835756,1.024241806943489,5.48440103645864e-05
219,DDG,Varland,Zarthia,Africa,16325,15953,15126,14747,12977,12320,11312,10131,6085824.116338972,0.0026824633259070543,0.9856456798711376,5.365424996715245e-05
220,XDP,Fenburg,Casmark,Americas,12771,12478,12406,11703,10619,9802,9072,7570,1723535.0149229148,0.007409771132831429,1.0099747357059492,4.197356363433408e-05
221,FEW,Velova,Varova,Americas,12365,12342,11605,11100,10307,9519,8678,7254,8539937.134302346,0.001447902930143775,1.052481834489843,4.0639191475886065e-05
222,JPA,Kador,Ordland,Africa,11701,11553,11192,10478,9353,8912,7806,7041,5461972.579654546,0.002142266338645745,0.9735403761690431,3.845686853694645e-05
223,IPU,Quenova,Casthia,Asia,11504,11179,11098,10694,9907,8534,7739,7038,805874.7412983897,0.014275171326830847,1.0251132861865442,3.7809402243315265e-05
224,HZN,Ashmark,Pelburg,Africa,9858,9586,9544,9094,8453,7374,6587,5938,46230.876795743854,0.2132341128539348,0.9898115598303364,3.2399607729016165e-05
225,EEM,Braland,Casfield,Africa,8344,8263,7725,7665,7089,6306,5691,5029,12872970.85093961,0.000648179825513313,1.0177032236569046,2.7423648497759265e-05
226,GYU,Nirdor,Pelland,Europe,7500,7431,6971,6831,6469,5620,5215,4384,4382620.365349525,0.0017113049670689094,1.0388082547519024,2.4649731991034813e-05
227,CDF,Pelland,Casreth,Asia,7395,7321,7030,6766,6164,5564,5212,4465,6084262.322817439,0.0012154308291848267,1.0130534251207688,2.4304635743160328e-05
228,ODH,Nirstan,Kurcove,Africa,7278,6888,6734,6613,6015,5396,4807,4458,97588.92453275684,0.07457813511980098,0.9849989105956072,2.3920099924100185e-05
229,HTC,Vardale,Ordova,Europe,6792,6640,6205,6178,5775,5086,4539,3979,7645264.461125127,0.0008883930745020225,0.9559200263079163,2.232279729108113e-05
230,TLS,Ashmoor,Talyn,Oceania,6030,5911,5749,5355,4969,4524,4124,3739,4499896.30981817,0.0013400308773434066,1.022457535246926,1.9818384520791993e-05
231,NEP,Ashreth,Tahaven,Africa,5850,5764,5626,5234,4812,4297,3918,3707,9079378.52808578,0.000644317227429592,1.0315161529317796,1.9226790953007157e-05
232,KRB,Rendale,Tirnia,Asia,5628,5534,5516,5154,4614,4242,3968,3411,2309694.1701550824,0.002436686238690256,0.992328981663564,1.8497158886072524e-05
233,VTP,Mirania,Tirfield,Asia,5231,5035,5102,4736,4469,3773,3524,3054,5706685.646498739,0.0009166441475901884,0.9627684762162313,1.719236640601375e-05
234,BYZ,Pelstan,Varhaven,Americas,5167,5098,4746,4724,4297,3788,3553,3080,13419090.706174998,0.0003850484442751644,1.0112524962150422,1.698202202635692e-05
